seed,pool,static_fee_pips,lp_minus_hodl_bps,fee_income_bps,fee_noise_bps,fee_arb_bps,arb_profit_bps,arb_profit_trend_bps,arb_profit_reversion_bps,arb_fee_trend_bps,arb_fee_reversion_bps,avg_fee_up_pips,avg_fee_down_pips,avg_fee_noise_pips,avg_fee_arb_pips,arb_trades
0,StoikovHook,dynamic,0.781,4.447,3.336,1.110,0.547,0.337,0.209,0.692,0.417,2511,1694,2113,2180,151
0,fee-matched,2113,0.731,4.393,3.335,1.057,0.532,0.328,0.203,0.615,0.441,2113,2113,2113,2113,150
0,static 0.05%,500,-2.388,1.281,0.789,0.492,1.066,0.565,0.500,0.253,0.238,500,500,500,500,294
0,static 0.30%,3000,2.285,5.939,4.736,1.203,0.416,0.279,0.137,0.749,0.453,3000,3000,3000,3000,127
1,StoikovHook,dynamic,-4.950,4.376,3.051,1.325,0.553,0.320,0.233,0.850,0.474,1559,2717,2091,2499,166
1,fee-matched,2092,-5.147,4.168,3.051,1.117,0.548,0.316,0.231,0.643,0.473,2092,2092,2092,2092,167
1,static 0.05%,500,-8.060,1.216,0.729,0.486,1.054,0.524,0.530,0.249,0.237,500,500,500,500,298
1,static 0.30%,3000,-3.625,5.709,4.375,1.333,0.445,0.291,0.153,0.854,0.479,3000,3000,3000,3000,142
2,StoikovHook,dynamic,-8.706,4.479,3.235,1.244,0.519,0.320,0.199,0.817,0.427,2637,1537,2075,2395,168
2,fee-matched,2076,-8.868,4.300,3.235,1.064,0.511,0.313,0.198,0.622,0.441,2076,2076,2076,2076,159
2,static 0.05%,500,-11.932,1.274,0.779,0.494,0.975,0.447,0.528,0.238,0.256,500,500,500,500,311
2,static 0.30%,3000,-7.226,5.919,4.676,1.243,0.423,0.293,0.130,0.806,0.436,3000,3000,3000,3000,129
3,StoikovHook,dynamic,-3.356,4.524,3.421,1.102,0.517,0.243,0.274,0.603,0.499,1664,2770,2259,2313,150
3,fee-matched,2260,-3.379,4.494,3.421,1.072,0.520,0.228,0.291,0.521,0.550,2260,2260,2260,2260,146
3,static 0.05%,500,-6.590,1.242,0.757,0.485,1.065,0.414,0.651,0.216,0.268,500,500,500,500,304
3,static 0.30%,3000,-2.140,5.748,4.542,1.205,0.452,0.215,0.237,0.631,0.573,3000,3000,3000,3000,119
4,StoikovHook,dynamic,-10.634,4.968,3.618,1.350,0.564,0.313,0.250,0.887,0.462,2724,1486,2124,2363,177
4,fee-matched,2124,-10.800,4.783,3.617,1.165,0.542,0.297,0.244,0.688,0.476,2124,2124,2124,2124,169
4,static 0.05%,500,-14.282,1.351,0.851,0.499,1.006,0.553,0.452,0.275,0.223,500,500,500,500,307
4,static 0.30%,3000,-9.027,6.528,5.109,1.418,0.478,0.262,0.216,0.856,0.561,3000,3000,3000,3000,142
5,StoikovHook,dynamic,-11.423,4.883,3.229,1.653,0.661,0.446,0.215,1.180,0.473,1607,3012,2254,2773,185
5,fee-matched,2255,-11.706,4.563,3.229,1.333,0.656,0.449,0.206,0.852,0.481,2255,2255,2255,2255,182
5,static 0.05%,500,-14.978,1.216,0.716,0.499,1.073,0.648,0.424,0.280,0.219,500,500,500,500,312
5,static 0.30%,3000,-10.450,5.846,4.296,1.549,0.576,0.421,0.154,1.034,0.514,3000,3000,3000,3000,160
6,StoikovHook,dynamic,-2.707,4.727,3.362,1.364,0.643,0.344,0.298,0.748,0.616,2652,1635,2137,2321,172
6,fee-matched,2137,-2.824,4.601,3.362,1.238,0.632,0.338,0.294,0.645,0.592,2137,2137,2137,2137,177
6,static 0.05%,500,-6.167,1.292,0.786,0.506,1.062,0.527,0.534,0.249,0.257,500,500,500,500,315
6,static 0.30%,3000,-1.178,6.224,4.720,1.503,0.556,0.293,0.262,0.796,0.707,3000,3000,3000,3000,150
7,StoikovHook,dynamic,-5.185,4.511,3.369,1.142,0.572,0.355,0.217,0.764,0.377,1589,2778,2255,2228,163
7,fee-matched,2255,-5.188,4.499,3.369,1.130,0.555,0.342,0.212,0.712,0.418,2255,2255,2255,2255,159
7,static 0.05%,500,-8.413,1.222,0.747,0.475,1.004,0.565,0.439,0.263,0.212,500,500,500,500,299
7,static 0.30%,3000,-3.949,5.756,4.482,1.273,0.470,0.299,0.171,0.814,0.459,3000,3000,3000,3000,129
8,StoikovHook,dynamic,-11.812,4.899,3.600,1.299,0.502,0.286,0.216,0.787,0.511,2769,1525,2130,2559,157
8,fee-matched,2130,-12.050,4.647,3.599,1.047,0.495,0.284,0.210,0.569,0.477,2130,2130,2130,2130,153
8,static 0.05%,500,-15.411,1.311,0.845,0.466,0.936,0.489,0.447,0.240,0.225,500,500,500,500,289
8,static 0.30%,3000,-10.394,6.288,5.070,1.217,0.407,0.266,0.141,0.740,0.476,3000,3000,3000,3000,129
9,StoikovHook,dynamic,-9.133,4.361,3.032,1.329,0.552,0.364,0.187,0.903,0.425,1491,2713,2077,2463,173
9,fee-matched,2078,-9.327,4.155,3.032,1.122,0.553,0.365,0.188,0.695,0.426,2078,2078,2078,2078,173
9,static 0.05%,500,-12.241,1.195,0.729,0.466,0.974,0.542,0.431,0.254,0.211,500,500,500,500,301
9,static 0.30%,3000,-7.723,5.785,4.378,1.407,0.481,0.357,0.124,0.963,0.443,3000,3000,3000,3000,150
10,StoikovHook,dynamic,-2.615,4.818,3.723,1.094,0.533,0.275,0.257,0.574,0.520,2772,1683,2264,2320,150
10,fee-matched,2265,-2.643,4.779,3.724,1.054,0.526,0.281,0.245,0.506,0.548,2265,2265,2265,2265,154
10,static 0.05%,500,-6.117,1.332,0.822,0.509,1.138,0.543,0.594,0.237,0.272,500,500,500,500,301
10,static 0.30%,3000,-1.313,6.101,4.932,1.168,0.436,0.235,0.201,0.561,0.607,3000,3000,3000,3000,129
11,StoikovHook,dynamic,-8.975,4.080,2.986,1.094,0.524,0.357,0.166,0.702,0.391,1518,2675,2125,2329,153
11,fee-matched,2125,-9.051,3.994,2.986,1.008,0.525,0.360,0.164,0.628,0.379,2125,2125,2125,2125,159
11,static 0.05%,500,-11.847,1.151,0.702,0.448,0.958,0.575,0.383,0.244,0.203,500,500,500,500,296
11,static 0.30%,3000,-7.704,5.362,4.215,1.146,0.441,0.330,0.110,0.783,0.363,3000,3000,3000,3000,120
12,StoikovHook,dynamic,-5.827,5.479,4.129,1.350,0.588,0.337,0.250,0.828,0.521,2976,1735,2375,2582,148
12,fee-matched,2375,-5.961,5.325,4.128,1.196,0.561,0.323,0.237,0.684,0.512,2375,2375,2375,2375,139
12,static 0.05%,500,-9.914,1.415,0.869,0.546,1.266,0.679,0.586,0.282,0.263,500,500,500,500,301
12,static 0.30%,3000,-4.755,6.521,5.215,1.306,0.479,0.294,0.184,0.794,0.512,3000,3000,3000,3000,125
13,StoikovHook,dynamic,-10.348,5.130,3.501,1.629,0.699,0.428,0.271,1.068,0.560,1642,2944,2249,2703,180
13,fee-matched,2250,-10.583,4.875,3.501,1.373,0.689,0.423,0.266,0.820,0.552,2250,2250,2250,2250,183
13,static 0.05%,500,-14.113,1.280,0.778,0.502,1.134,0.644,0.489,0.279,0.222,500,500,500,500,301
13,static 0.30%,3000,-9.179,6.303,4.669,1.634,0.623,0.404,0.218,1.024,0.609,3000,3000,3000,3000,165
14,StoikovHook,dynamic,-3.189,5.138,3.912,1.226,0.504,0.285,0.218,0.728,0.497,2841,1760,2321,2458,156
14,fee-matched,2322,-3.258,5.055,3.912,1.143,0.499,0.278,0.221,0.599,0.543,2322,2322,2322,2322,151
14,static 0.05%,500,-6.998,1.357,0.842,0.515,1.123,0.543,0.579,0.245,0.269,500,500,500,500,296
14,static 0.30%,3000,-1.969,6.326,5.054,1.271,0.426,0.256,0.169,0.723,0.548,3000,3000,3000,3000,126
15,StoikovHook,dynamic,-9.948,4.610,3.054,1.556,0.657,0.452,0.205,1.088,0.467,1570,2956,2200,2742,184
15,fee-matched,2201,-10.243,4.299,3.054,1.244,0.644,0.447,0.197,0.789,0.455,2201,2201,2201,2201,183
15,static 0.05%,500,-13.287,1.200,0.693,0.507,1.173,0.649,0.524,0.270,0.236,500,500,500,500,330
15,static 0.30%,3000,-8.989,5.578,4.163,1.414,0.538,0.420,0.117,1.010,0.404,3000,3000,3000,3000,160
16,StoikovHook,dynamic,-10.075,5.629,3.704,1.924,0.802,0.554,0.247,1.439,0.485,3051,1679,2277,2872,184
16,fee-matched,2277,-10.460,5.225,3.704,1.521,0.817,0.576,0.240,1.036,0.485,2277,2277,2277,2277,181
16,static 0.05%,500,-14.352,1.377,0.813,0.564,1.351,0.751,0.599,0.311,0.252,500,500,500,500,317
16,static 0.30%,3000,-9.003,6.663,4.880,1.782,0.727,0.551,0.175,1.283,0.499,3000,3000,3000,3000,162
17,StoikovHook,dynamic,-11.973,4.836,3.444,1.391,0.583,0.377,0.205,0.884,0.507,1555,2920,2266,2505,180
17,fee-matched,2267,-12.128,4.656,3.445,1.211,0.565,0.370,0.194,0.727,0.483,2267,2267,2267,2267,176
17,static 0.05%,500,-15.481,1.225,0.759,0.465,1.008,0.598,0.409,0.261,0.203,500,500,500,500,302
17,static 0.30%,3000,-10.800,6.017,4.558,1.458,0.519,0.350,0.169,0.896,0.562,3000,3000,3000,3000,159
18,StoikovHook,dynamic,-3.274,4.943,3.365,1.577,0.679,0.432,0.246,1.048,0.529,2813,1618,2135,2622,182
18,fee-matched,2135,-3.559,4.647,3.365,1.281,0.676,0.441,0.235,0.766,0.515,2135,2135,2135,2135,184
18,static 0.05%,500,-6.912,1.320,0.788,0.532,1.170,0.669,0.501,0.281,0.251,500,500,500,500,321
18,static 0.30%,3000,-1.928,6.262,4.728,1.533,0.573,0.399,0.174,0.966,0.567,3000,3000,3000,3000,153
19,StoikovHook,dynamic,-7.370,4.342,3.293,1.049,0.443,0.235,0.208,0.576,0.472,1603,2762,2218,2377,149
19,fee-matched,2219,-7.469,4.231,3.293,0.938,0.409,0.217,0.191,0.467,0.470,2219,2219,2219,2219,147
19,static 0.05%,500,-10.459,1.195,0.742,0.453,0.907,0.480,0.426,0.231,0.221,500,500,500,500,315
19,static 0.30%,3000,-6.257,5.459,4.452,1.007,0.329,0.171,0.158,0.491,0.516,3000,3000,3000,3000,128
