set,ref_tau_s,seed,matched_fee_pips,lp_gain_bps,arb_fee_gain_bps,arb_profit_change_bps,trend_arb_fee_gain_bps,reversion_arb_fee_gain_bps
train,60,1,2138,-0.004,-0.007,0.015,0.010,-0.017
train,60,2,2088,0.003,0.009,0.011,0.021,-0.013
train,60,3,2241,-0.024,-0.027,-0.007,-0.014,-0.013
train,60,4,2106,0.025,0.029,0.022,0.042,-0.013
train,60,5,2293,0.039,0.044,0.016,0.055,-0.010
train,60,6,2162,-0.018,-0.016,0.017,-0.018,0.003
train,60,7,2227,-0.048,-0.054,0.013,-0.046,-0.008
train,60,8,2134,0.046,0.050,0.012,0.045,0.005
train,60,9,2116,-0.010,-0.015,0.011,-0.004,-0.011
train,60,10,2225,-0.005,-0.002,0.006,0.016,-0.019
train,60,11,2111,-0.047,-0.050,-0.001,-0.039,-0.011
train,60,12,2371,-0.006,-0.001,0.030,0.000,-0.002
train,60,13,2290,-0.013,-0.012,0.022,0.013,-0.024
train,60,14,2319,-0.028,-0.023,0.010,-0.008,-0.014
train,60,15,2250,0.043,0.040,0.033,0.047,-0.007
train,60,16,2346,0.048,0.051,0.008,0.050,0.002
train,60,17,2250,0.016,0.017,0.023,0.029,-0.011
train,60,18,2210,0.027,0.032,0.020,0.036,-0.005
train,60,19,2188,0.019,0.019,0.035,0.028,-0.008
train,60,20,2234,-0.042,-0.039,0.007,-0.037,-0.002
train,150,1,2133,0.027,0.027,0.016,0.047,-0.021
train,150,2,2093,0.031,0.038,0.013,0.053,-0.014
train,150,3,2241,-0.013,-0.014,-0.005,0.005,-0.018
train,150,4,2113,0.046,0.054,0.024,0.075,-0.022
train,150,5,2290,0.084,0.097,0.019,0.112,-0.016
train,150,6,2159,0.001,0.005,0.018,0.005,0.000
train,150,7,2231,-0.040,-0.042,0.016,-0.028,-0.015
train,150,8,2136,0.079,0.087,0.014,0.083,0.004
train,150,9,2115,0.027,0.026,0.015,0.042,-0.015
train,150,10,2236,-0.002,0.002,0.009,0.025,-0.023
train,150,11,2115,-0.026,-0.026,0.002,-0.015,-0.010
train,150,12,2370,0.025,0.031,0.033,0.028,0.002
train,150,13,2287,0.037,0.043,0.023,0.069,-0.027
train,150,14,2315,-0.007,0.000,0.014,0.017,-0.018
train,150,15,2241,0.093,0.096,0.035,0.103,-0.008
train,150,16,2339,0.109,0.116,0.010,0.115,0.001
train,150,17,2262,0.033,0.039,0.024,0.058,-0.020
train,150,18,2206,0.064,0.069,0.021,0.077,-0.007
train,150,19,2194,0.032,0.036,0.040,0.045,-0.010
train,150,20,2228,-0.015,-0.009,0.010,-0.008,-0.001
train,300,1,2121,0.081,0.086,0.016,0.108,-0.021
train,300,2,2086,0.077,0.089,0.013,0.104,-0.016
train,300,3,2243,0.005,0.006,-0.003,0.030,-0.024
train,300,4,2126,0.088,0.101,0.026,0.128,-0.027
train,300,5,2280,0.159,0.181,0.019,0.202,-0.021
train,300,6,2162,0.029,0.033,0.019,0.033,0.001
train,300,7,2237,-0.022,-0.022,0.018,-0.002,-0.020
train,300,8,2142,0.140,0.151,0.015,0.144,0.007
train,300,9,2104,0.092,0.097,0.016,0.115,-0.019
train,300,10,2245,0.009,0.015,0.012,0.040,-0.025
train,300,11,2131,0.013,0.018,0.004,0.022,-0.004
train,300,12,2366,0.063,0.074,0.035,0.067,0.007
train,300,13,2281,0.118,0.131,0.024,0.159,-0.027
train,300,14,2318,0.024,0.034,0.014,0.059,-0.024
train,300,15,2232,0.180,0.189,0.033,0.199,-0.009
train,300,16,2314,0.215,0.227,0.007,0.229,-0.002
train,300,17,2277,0.063,0.077,0.025,0.101,-0.024
train,300,18,2186,0.124,0.132,0.019,0.138,-0.006
train,300,19,2215,0.051,0.058,0.042,0.070,-0.013
train,300,20,2218,0.036,0.045,0.011,0.039,0.005
train,600,1,2104,0.163,0.172,0.011,0.189,-0.016
train,600,2,2075,0.140,0.155,0.010,0.172,-0.017
train,600,3,2250,0.022,0.027,-0.003,0.066,-0.039
train,600,4,2128,0.144,0.161,0.026,0.187,-0.025
train,600,5,2263,0.252,0.284,0.013,0.301,-0.016
train,600,6,2153,0.074,0.081,0.016,0.076,0.006
train,600,7,2244,-0.001,0.006,0.019,0.035,-0.029
train,600,8,2141,0.216,0.232,0.012,0.214,0.018
train,600,9,2085,0.178,0.189,0.002,0.201,-0.012
train,600,10,2260,0.025,0.035,0.012,0.060,-0.026
train,600,11,2131,0.066,0.077,0.002,0.069,0.007
train,600,12,2372,0.115,0.133,0.033,0.121,0.013
train,600,13,2260,0.205,0.225,0.015,0.237,-0.012
train,600,14,2322,0.061,0.073,0.010,0.112,-0.038
train,600,15,2212,0.268,0.283,0.017,0.289,-0.006
train,600,16,2284,0.364,0.380,-0.010,0.388,-0.007
train,600,17,2282,0.113,0.137,0.022,0.146,-0.009
train,600,18,2153,0.231,0.243,0.013,0.239,0.004
train,600,19,2230,0.075,0.087,0.040,0.098,-0.012
train,600,20,2205,0.120,0.133,0.006,0.106,0.026
train,900,1,2092,0.197,0.208,0.005,0.207,0.001
train,900,2,2076,0.162,0.180,0.008,0.195,-0.014
train,900,3,2260,0.023,0.030,-0.003,0.082,-0.051
train,900,4,2124,0.166,0.185,0.022,0.199,-0.014
train,900,5,2255,0.283,0.320,0.005,0.328,-0.008
train,900,6,2137,0.117,0.126,0.011,0.103,0.024
train,900,7,2255,0.003,0.012,0.017,0.052,-0.041
train,900,8,2130,0.238,0.252,0.007,0.218,0.034
train,900,9,2078,0.194,0.207,-0.001,0.208,-0.001
train,900,10,2265,0.028,0.040,0.007,0.068,-0.028
train,900,11,2125,0.076,0.086,-0.001,0.074,0.012
train,900,12,2375,0.134,0.154,0.027,0.144,0.009
train,900,13,2250,0.235,0.256,0.010,0.248,0.008
train,900,14,2322,0.069,0.083,0.005,0.129,-0.046
train,900,15,2201,0.295,0.312,0.013,0.299,0.012
train,900,16,2277,0.385,0.403,-0.015,0.403,0.000
train,900,17,2267,0.155,0.180,0.018,0.157,0.024
train,900,18,2135,0.285,0.296,0.003,0.282,0.014
train,900,19,2219,0.099,0.111,0.034,0.109,0.002
train,900,20,2187,0.180,0.194,-0.008,0.149,0.045
train,1800,1,2064,0.254,0.267,-0.006,0.220,0.046
train,1800,2,2073,0.187,0.208,-0.001,0.205,0.003
train,1800,3,2280,0.009,0.019,-0.010,0.084,-0.065
train,1800,4,2111,0.194,0.220,0.016,0.210,0.011
train,1800,5,2249,0.314,0.348,0.001,0.335,0.013
train,1800,6,2100,0.195,0.202,-0.001,0.125,0.076
train,1800,7,2264,0.012,0.021,0.012,0.062,-0.041
train,1800,8,2119,0.263,0.277,-0.001,0.223,0.054
train,1800,9,2060,0.235,0.247,-0.006,0.214,0.033
train,1800,10,2275,0.026,0.035,0.002,0.075,-0.039
train,1800,11,2123,0.077,0.090,-0.008,0.076,0.013
train,1800,12,2366,0.154,0.178,0.016,0.153,0.024
train,1800,13,2234,0.257,0.278,-0.002,0.251,0.027
train,1800,14,2316,0.086,0.105,-0.005,0.145,-0.041
train,1800,15,2185,0.324,0.340,-0.001,0.310,0.029
train,1800,16,2259,0.431,0.452,-0.025,0.416,0.036
train,1800,17,2243,0.213,0.240,0.009,0.167,0.072
train,1800,18,2130,0.309,0.317,-0.008,0.288,0.029
train,1800,19,2192,0.146,0.159,0.023,0.114,0.046
train,1800,20,2161,0.237,0.246,-0.026,0.164,0.082
train,3600,1,2062,0.264,0.273,-0.008,0.221,0.053
train,3600,2,2073,0.189,0.210,-0.003,0.207,0.002
train,3600,3,2278,0.015,0.024,-0.013,0.086,-0.062
train,3600,4,2109,0.204,0.229,0.014,0.213,0.016
train,3600,5,2248,0.319,0.355,-0.002,0.337,0.017
train,3600,6,2082,0.243,0.246,-0.009,0.132,0.113
train,3600,7,2266,0.017,0.025,0.010,0.063,-0.038
train,3600,8,2117,0.267,0.281,-0.004,0.223,0.057
train,3600,9,2059,0.235,0.248,-0.009,0.215,0.033
train,3600,10,2284,0.028,0.038,-0.003,0.076,-0.038
train,3600,11,2124,0.078,0.092,-0.008,0.077,0.015
train,3600,12,2364,0.165,0.189,0.010,0.158,0.032
train,3600,13,2236,0.264,0.283,-0.003,0.254,0.030
train,3600,14,2311,0.105,0.125,-0.010,0.152,-0.027
train,3600,15,2182,0.325,0.341,-0.003,0.311,0.029
train,3600,16,2258,0.445,0.467,-0.030,0.420,0.047
train,3600,17,2241,0.221,0.246,0.008,0.172,0.075
train,3600,18,2126,0.322,0.328,-0.011,0.290,0.038
train,3600,19,2186,0.155,0.169,0.021,0.116,0.053
train,3600,20,2158,0.251,0.258,-0.030,0.166,0.091
holdout,900,21,2174,0.307,0.315,0.000,0.253,0.061
holdout,900,22,2354,0.275,0.293,0.016,0.259,0.034
holdout,900,23,2307,0.180,0.202,0.013,0.168,0.035
holdout,900,24,2135,0.296,0.324,-0.005,0.222,0.102
holdout,900,25,2152,0.166,0.178,-0.004,0.135,0.044
holdout,900,26,2203,0.233,0.244,0.008,0.210,0.035
holdout,900,27,2435,0.074,0.102,0.021,0.147,-0.045
holdout,900,28,2364,0.295,0.320,0.002,0.303,0.016
holdout,900,29,2150,0.230,0.242,0.018,0.225,0.017
holdout,900,30,2132,0.279,0.291,0.025,0.268,0.022
holdout,900,31,2181,0.164,0.179,-0.001,0.173,0.007
holdout,900,32,2236,0.118,0.133,0.018,0.132,0.002
holdout,900,33,2103,0.199,0.225,0.011,0.198,0.027
holdout,900,34,2265,0.144,0.155,0.019,0.142,0.013
holdout,900,35,2386,0.082,0.101,0.002,0.108,-0.007
holdout,900,36,2151,0.282,0.305,0.006,0.229,0.077
holdout,900,37,2356,0.120,0.125,0.023,0.117,0.008
holdout,900,38,2280,0.153,0.174,0.007,0.210,-0.037
holdout,900,39,2251,0.108,0.118,0.008,0.140,-0.022
holdout,900,40,2285,0.073,0.083,-0.018,0.095,-0.012
holdout,3600,21,2143,0.359,0.367,-0.016,0.269,0.098
holdout,3600,22,2322,0.350,0.371,-0.003,0.269,0.102
holdout,3600,23,2280,0.239,0.267,-0.001,0.180,0.088
holdout,3600,24,2096,0.404,0.434,-0.017,0.242,0.192
holdout,3600,25,2131,0.229,0.249,-0.011,0.141,0.108
holdout,3600,26,2197,0.256,0.259,-0.005,0.216,0.044
holdout,3600,27,2409,0.138,0.165,0.008,0.153,0.012
holdout,3600,28,2359,0.319,0.341,-0.007,0.308,0.032
holdout,3600,29,2130,0.265,0.278,0.000,0.240,0.037
holdout,3600,30,2128,0.309,0.322,0.012,0.291,0.031
holdout,3600,31,2174,0.202,0.219,-0.006,0.179,0.040
holdout,3600,32,2223,0.161,0.170,0.005,0.143,0.027
holdout,3600,33,2106,0.213,0.240,0.006,0.210,0.030
holdout,3600,34,2250,0.193,0.205,0.000,0.157,0.048
holdout,3600,35,2398,0.076,0.095,-0.005,0.112,-0.016
holdout,3600,36,2122,0.343,0.353,-0.005,0.243,0.110
holdout,3600,37,2364,0.128,0.135,0.005,0.131,0.004
holdout,3600,38,2273,0.193,0.211,-0.003,0.217,-0.005
holdout,3600,39,2250,0.112,0.123,0.001,0.145,-0.021
holdout,3600,40,2269,0.122,0.121,-0.043,0.110,0.011
